{
  "legacy.menu.play_tutorial1": {
    "icon": "legacy:creation_list/tutorial",
    "templateLocation": "re-console:tutorial/tutorial1.zip",
    "folderName": "Tutorial",
    "directJoin": true
  },
  "legacy.menu.play_tutorial3": {
    "icon": "legacy:creation_list/tutorial",
    "templateLocation": "re-console:tutorial/tutorial3.zip",
    "folderName": "Tutorial",
    "directJoin": true
  },
  "legacy.menu.play_tutorial5": {
    "icon": "legacy:creation_list/tutorial",
    "templateLocation": "re-console:tutorial/tutorial5.zip",
    "folderName": "Tutorial",
    "directJoin": true
  },
  "legacy.menu.play_tutorial7": {
    "icon": "legacy:creation_list/tutorial",
    "templateLocation": "re-console:tutorial/tutorial7.zip",
    "folderName": "Tutorial",
    "directJoin": true
  },
  "legacy.menu.play_tutorial9": {
    "icon": "legacy:creation_list/tutorial",
    "templateLocation": "re-console:tutorial/tutorial9.zip",
    "folderName": "Tutorial",
    "directJoin": true
  },
  "legacy.menu.play_tutorial12": {
    "icon": "legacy:creation_list/tutorial",
    "templateLocation": "re-console:tutorial/tutorial12.zip",
    "folderName": "Tutorial",
    "directJoin": true
  },
  "legacy.menu.play_tutorial14": {
    "icon": "legacy:creation_list/tutorial",
    "templateLocation": "re-console:tutorial/tutorial14.zip",
    "folderName": "Tutorial",
    "directJoin": true
  },
  "legacy.menu.play_tutorial19": {
    "icon": "legacy:creation_list/tutorial",
    "templateLocation": "re-console:tutorial/tutorial19.zip",
    "folderName": "Tutorial",
    "directJoin": true
  },
  "legacy.menu.play_tutorial31": {
    "icon": "legacy:creation_list/tutorial",
    "templateLocation": "re-console:tutorial/tutorial31.zip",
    "folderName": "Tutorial",
    "directJoin": true
  },
  "legacy.menu.play_tutorial46": {
    "icon": "legacy:creation_list/tutorial",
    "templateLocation": "re-console:tutorial/tutorial46.zip",
    "folderName": "Tutorial",
    "directJoin": true
  }
}
