{
  "background": "legacy:icon/background",
  "packs": [
    "vanilla",
    "fabric",
    "legacy:legacy_waters",
    "file/Legacy-Skin-Packs-2.1.0.zip",
    "file/Modern-Skin-Packs-1.0.0.zip",
    "file/The_Garden_Awakens_v1.0.zip",
    "file/Legacy Skins Pack Ordering v3.zip",
    "file/rcr1.21.4.zip"
  ],
  "displayPack": "vanilla",
  "id": "minecraft",
  "version": 2,
  "name": {
    "translate": "legacy.menu.albums.resource.minecraft"
  },
  "description": {
    "translate": "legacy.menu.albums.resource.minecraft.description"
  }
}