{
  "legacy.mixin.base.client.anvil": true,
  "legacy.mixin.base.client.beacon": true,
  "legacy.mixin.base.client.book": true,
  "legacy.mixin.base.client.bosshealth": true,
  "legacy.mixin.base.client.brewing": true,
  "legacy.mixin.base.client.cartography": true,
  "legacy.mixin.base.client.chat": true,
  "legacy.mixin.base.client.container": true,
  "legacy.mixin.base.client.crafter": true,
  "legacy.mixin.base.client.crafting": true,
  "legacy.mixin.base.client.create_world": true,
  "legacy.mixin.base.client.drowned": true,
  "legacy.mixin.base.client.enchantment": true,
  "legacy.mixin.base.client.furnace": true,
  "legacy.mixin.base.client.grindstone": true,
  "legacy.mixin.base.client.gui": true,
  "legacy.mixin.base.client.inventory": true,
  "legacy.mixin.base.client.loom": true,
  "legacy.mixin.base.client.merchant": true,
  "legacy.mixin.base.client.smithing": true,
  "legacy.mixin.base.client.stonecutter": true,
  "legacy.mixin.base.client.title": true,
  "legacy.mixin.base.client.witch": true
}