{
  "advancedHeldItemTooltip": false,
  "advancedOptionsMode": 0,
  "animatedCharacter": true,
  "autoResolution": true,
  "autoSaveCountdown": true,
  "autoSaveInterval": 1,
  "autoSaveWhenPaused": false,
  "caveSounds": true,
  "classicCrafting": false,
  "classicLoom": false,
  "classicStonecutting": false,
  "classicTrading": false,
  "component_iris.keybind.reload": "none",
  "component_iris.keybind.shaderPackSelection": "none",
  "component_iris.keybind.toggleShaders": "none",
  "component_iris.keybind.wireframe": "none",
  "component_key.advancements": "none",
  "component_key.attack": "right_trigger",
  "component_key.back": "left_stick_down",
  "component_key.chat": "none",
  "component_key.command": "none",
  "component_key.cpm.gestureMenu": "none",
  "component_key.cpm.qa_1": "none",
  "component_key.cpm.qa_10": "none",
  "component_key.cpm.qa_11": "none",
  "component_key.cpm.qa_12": "none",
  "component_key.cpm.qa_13": "none",
  "component_key.cpm.qa_14": "none",
  "component_key.cpm.qa_15": "none",
  "component_key.cpm.qa_16": "none",
  "component_key.cpm.qa_2": "none",
  "component_key.cpm.qa_3": "none",
  "component_key.cpm.qa_4": "none",
  "component_key.cpm.qa_5": "none",
  "component_key.cpm.qa_6": "none",
  "component_key.cpm.qa_7": "none",
  "component_key.cpm.qa_8": "none",
  "component_key.cpm.qa_9": "none",
  "component_key.cpm.renderToggle": "none",
  "component_key.drop": "right_button",
  "component_key.dynamic_fps.toggle_disabled": "none",
  "component_key.dynamic_fps.toggle_forced": "none",
  "component_key.entityculling.toggle": "none",
  "component_key.entityculling.toggleBoxes": "none",
  "component_key.forward": "left_stick_up",
  "component_key.fullscreen": "none",
  "component_key.hotbar.1": "none",
  "component_key.hotbar.2": "none",
  "component_key.hotbar.3": "none",
  "component_key.hotbar.4": "none",
  "component_key.hotbar.5": "none",
  "component_key.hotbar.6": "none",
  "component_key.hotbar.7": "none",
  "component_key.hotbar.8": "none",
  "component_key.hotbar.9": "none",
  "component_key.jump": "down_button",
  "component_key.left": "left_stick_left",
  "component_key.loadToolbarActivator": "none",
  "component_key.modmenu.open_menu": "none",
  "component_key.ok_zoomer.decrease_zoom": "none",
  "component_key.ok_zoomer.increase_zoom": "none",
  "component_key.ok_zoomer.reset_zoom": "none",
  "component_key.ok_zoomer.zoom": "none",
  "component_key.optigui.inspect": "none",
  "component_key.pickItem": "none",
  "component_key.playerlist": "none",
  "component_key.right": "left_stick_right",
  "component_key.saveToolbarActivator": "none",
  "component_key.screenshot": "none",
  "component_key.smoothCamera": "none",
  "component_key.sneak": "right_stick_button",
  "component_key.socialInteractions": "none",
  "component_key.spectatorOutlines": "none",
  "component_key.sprint": "none",
  "component_key.swapOffhand": "none",
  "component_key.togglePerspective": "left_stick_button",
  "component_key.use": "left_trigger",
  "component_legacy.key.crafting": "left_button",
  "component_legacy.key.cycleHeldLeft": "left_bumper",
  "component_legacy.key.cycleHeldRight": "right_bumper",
  "component_legacy.key.flyDown": "dpad_down",
  "component_legacy.key.flyLeft": "dpad_left",
  "component_legacy.key.flyRight": "dpad_right",
  "component_legacy.key.flyUp": "dpad_up",
  "component_legacy.key.host_options": "back",
  "component_legacy.key.inventory": "up_button",
  "component_legacy.key.legacy4JSettings": "none",
  "component_legacy.key.toggleCursor": "none",
  "controlType": "auto",
  "controllerSensitivity": 0.5,
  "controllerToggleCrouch": true,
  "controllerToggleSprint": false,
  "controllerVirtualCursor": true,
  "createWorldDifficulty": 2,
  "creativeTab": true,
  "cursorMode": 0,
  "defaultParticlePhysics": true,
  "directSaveLoad": false,
  "displayControlTooltips": true,
  "displayGamma": true,
  "displayHUD": true,
  "displayHand": true,
  "displayMultipleControlsFromAction": false,
  "displayNameTagBorder": true,
  "enhancedPistonMovingRenderer": true,
  "fastLeavesCustomModels": false,
  "fastLeavesWhenBlocked": false,
  "flyingViewRolling": true,
  "forceMixedCrafting": false,
  "forceSmoothMovement": false,
  "gameTooltips": true,
  "gamma": 0.5,
  "headFollowsTheCamera": true,
  "hints": true,
  "hudDistance": 1.0,
  "hudOpacity": 0.8,
  "hudScale": 2,
  "interfaceResolution": 0.5,
  "interfaceSensitivity": 0.5,
  "invertControllerButtons": false,
  "invertYController": false,
  "invertedCrosshair": false,
  "invertedFrontCameraPitch": true,
  "itemLightingInHand": true,
  "itemTooltipEllipsis": true,
  "lastLoadedMinecraftVersion": "1.21.4",
  "lastLoadedVersion": "1.8",
  "leftStickDeadZone": 0.25,
  "leftTriggerDeadZone": 0.2,
  "legacyCreativeBlockPlacing": true,
  "legacyDrownedAnimation": true,
  "legacyEntityFireTint": true,
  "legacyItemTooltips": true,
  "legacyItemTooltipsScaling": true,
  "legacyOverstackedItems": true,
  "legacySkyShape": true,
  "linearCameraMovement": false,
  "lockControlTypeChange": false,
  "loyaltyLines": true,
  "merchantTradingIndicator": true,
  "minecartSounds": true,
  "overrideTerrainFogEnd": true,
  "overrideTerrainFogStart": true,
  "rightStickDeadZone": 0.34,
  "rightTriggerDeadZone": 0.2,
  "saveCache": false,
  "searchCreativeTab": true,
  "selectedController": 0,
  "selectedControllerHandler": 1,
  "selectedItemTooltipLines": 4,
  "selectedItemTooltipSpacing": 12,
  "showVanillaRecipeBook": false,
  "smoothAnimatedCharacter": false,
  "smoothMovement": true,
  "systemMessagesAsOverlay": true,
  "terrainFogEnd": 16,
  "terrainFogStart": 4,
  "tooltipBoxes": true,
  "unfocusedInputs": false,
  "vanillaTabs": false,
  "vehicleCameraRotation": 2,
  "vignette": false
}